rank_by_dollar,naics_code,naics_title,psc_code,psc_name,total_usd,n_actions,median_usd,top_winner,top_winner_share,what_was_done,vertical,work_type,equipment_intensity,regime,confidence
1,621111,Offices of Physicians (except Mental Health Specialists),Q403,MEDICAL- EVALUATION/SCREENING,15283476019.81,131,69116123.05,"OPTUMSERVE HEALTH SERVICES, INC.",0.267,Physician practices performing fitness-for-duty medical exams/screening,Healthcare & Life Sciences,services_labor,low,redundant,high
2,325412,Pharmaceutical Preparation Manufacturing,6505,DRUGS AND BIOLOGICALS,13336511851.86,4867,107.06,"CARDINAL HEALTH, INC.",0.555,Pharmaceutical drugs supplied via dominant drug distributor,Healthcare & Life Sciences,distribute_resell,low,redundant,high
3,236220,Commercial and Institutional Building Construction,Y1PZ,CONSTRUCTION OF OTHER NON-BUILDING FACILITIES,9533210168.13,75,289238.0,US DIVERSIFIED CONTRACTING SERVICES INC.,0.133,New-build construction of non-building facilities,Construction,construct,high,naics_carries,medium
4,336414,Guided Missile and Space Vehicle Manufacturing,1410,GUIDED MISSILES,5607421512.77,25,605822.0,RAYTHEON COMPANY,0.84,Complete guided missile manufacturing by defense prime,Aerospace & Defense,manufacture,high,redundant,high
5,524114,Direct Health and Medical Insurance Carriers,Q201,MEDICAL- MANAGED HEALTHCARE,4796182492.32,64,42618.21,NAPHCARE LLC,0.344,Comprehensive managed healthcare contracts (TRICARE/VA-type),Healthcare & Life Sciences,services_labor,low,redundant,high
6,524114,Direct Health and Medical Insurance Carriers,G007,SOCIAL- GOVERNMENT HEALTH INSURANCE PROGRAMS,4096834179.55,124,49478.71,PAN AMERICAN LIFE DE COLOMBIA COMPANIA DE SEGUROS S A,0.097,Government health insurance program administration,Financial & Insurance,services_labor,low,redundant,high
7,541512,Computer Systems Design Services,DA01,IT AND TELECOM - BUSINESS APPLICATION/APPLICATION DEVELOPMENT SUPPORT SERVICES (LABOR),3634170810.6,882,1051929.17,ACCENTURE FEDERAL SERVICES LLC,0.137,Custom business application development/dev labor,Information Technology & Software,services_labor,low,redundant,high
8,236220,Commercial and Institutional Building Construction,Y1LB,"CONSTRUCTION OF HIGHWAYS, ROADS, STREETS, BRIDGES, AND RAILWAYS",3358125444.03,15,1133123.48,"CER, INCORPORATED",0.133,Highway/road/bridge construction by building contractor,Construction,construct,high,psc_carries,high
9,561210,Facilities Support Services,M1JZ,OPERATION OF MISCELLANEOUS BUILDINGS,3183204451.5,121,274761.28,"ENVIREMEDIAL SERVICES, INC.",0.322,Facilities support staff operating miscellaneous buildings,"Facilities, Maintenance & Janitorial",services_labor,low,emergent,medium
10,541330,Engineering Services,R499,SUPPORT- PROFESSIONAL: OTHER,3093132752.21,566,582974.41,SCIENCE APPLICATIONS INTERNATIONAL CORPORATION,0.065,Engineering firms supplying other professional support services,Engineering & Architecture,services_labor,low,naics_carries,medium
11,541715,"Research and Development in the Physical, Engineering, and Life Sciences (except Nanotechnology and Biotechnology)",R425,SUPPORT- PROFESSIONAL: ENGINEERING/TECHNICAL,2578186010.82,323,731253.6,INTUITIVE RESEARCH AND TECHNOLOGY CORPORATION,0.207,R&D firms providing systems engineering/technical support,Engineering & Architecture,services_labor,low,naics_carries,medium
12,561612,Security Guards and Patrol Services,S206,HOUSEKEEPING- GUARD,2493729156.27,1861,141151.82,DOMESTIC AWARDEES (UNDISCLOSED),0.225,Contract security guard and patrol services,Security & Guard Services,services_labor,low,redundant,high
13,541330,Engineering Services,R425,SUPPORT- PROFESSIONAL: ENGINEERING/TECHNICAL,2189137797.58,1522,360563.32,SCIENCE APPLICATIONS INTERNATIONAL CORPORATION,0.054,Engineering firms providing systems engineering/technical support,Engineering & Architecture,services_labor,low,redundant,high
14,236220,Commercial and Institutional Building Construction,Y1JZ,CONSTRUCTION OF MISCELLANEOUS BUILDINGS,1867729126.73,434,107983.0,"HARPER CONSTRUCTION COMPANY, INC.",0.053,New-build construction of miscellaneous buildings,Construction,construct,high,psc_carries,high
15,541710,"RESEARCH AND DEVELOPMENT IN THE PHYSICAL, ENGINEERING, AND LIFE SCIENCES",M181,OPER OF GOVT R&D GOCO FACILITIES,1800439379.16,47,9559851.34,BATTELLE MEMORIAL INSTITUTE,0.298,Contractor operation of government-owned R&D lab facilities,Research & Development,services_labor,medium,redundant,high
16,541990,"All Other Professional, Scientific, and Technical Services",R499,SUPPORT- PROFESSIONAL: OTHER,1682822762.34,613,200000.0,BOOZ ALLEN HAMILTON INC,0.095,Professional/scientific firms supplying other professional services,Professional & Management Services,services_labor,low,both_blank,medium
17,324110,Petroleum Refineries,9130,"LIQUID PROPELLANTS AND FUELS, PETROLEUM BASE",1433412065.25,50197,853.39,SIGNATURE FLIGHT SUPPORT LLC,0.379,Petroleum jet fuel/gasoline supplied at flightline volume,Energy & Utilities,distribute_resell,low,redundant,high
18,339999,All Other Miscellaneous Manufacturing,4220,MARINE LIFESAVING AND DIVING EQUIPMENT,1428575669.53,4433,97523.49,"ATLANTIC DIVING SUPPLY, INC.",0.606,Marine lifesaving/diving equipment resold by ADS distributor,Wholesale & Supply,distribute_resell,medium,psc_carries,high
19,511210,SOFTWARE PUBLISHERS,7A21,IT AND TELECOM - BUSINESS APPLICATION SOFTWARE (PERPETUAL LICENSE SOFTWARE),1413677247.76,1075,95040.0,CARAHSOFT TECHNOLOGY CORP,0.645,Perpetual-license business application software via reseller,Information Technology & Software,distribute_resell,low,redundant,high
20,423850,Service Establishment Equipment and Supplies Merchant Wholesalers,4220,MARINE LIFESAVING AND DIVING EQUIPMENT,1409385721.44,582,273906.56,"ATLANTIC DIVING SUPPLY, INC.",0.672,Marine lifesaving/diving equipment wholesale distribution,Wholesale & Supply,distribute_resell,medium,redundant,high
21,541519,Other Computer Related Services,DA01,IT AND TELECOM - BUSINESS APPLICATION/APPLICATION DEVELOPMENT SUPPORT SERVICES (LABOR),1397204345.44,860,303610.96,THE MIL CORPORATION,0.138,Business application development support labor,Information Technology & Software,services_labor,low,psc_carries,high
22,522390,Other Activities Related to Credit Intermediation,R710,SUPPORT- MANAGEMENT: FINANCIAL,1386394349.96,128,259480.07,EDFINANCIAL SERVICES LLC,0.383,Student-loan/credit financial servicing,Financial & Insurance,services_labor,low,redundant,high
23,541512,Computer Systems Design Services,R499,SUPPORT- PROFESSIONAL: OTHER,1379317115.54,289,836985.36,ACCENTURE FEDERAL SERVICES LLC,0.163,IT systems-design firms supplying other professional services,Information Technology & Software,services_labor,low,naics_carries,medium
24,541611,Administrative Management and General Management Consulting Services,R499,SUPPORT- PROFESSIONAL: OTHER,1343606109.64,1175,217818.4,"LDSS, INC.",0.082,Management consulting supplying other professional services,Professional & Management Services,services_labor,low,naics_carries,high
25,541511,Custom Computer Programming Services,DA01,IT AND TELECOM - BUSINESS APPLICATION/APPLICATION DEVELOPMENT SUPPORT SERVICES (LABOR),1311222956.1,580,621673.9,BOOZ ALLEN HAMILTON INC,0.088,Custom software programming/application development labor,Information Technology & Software,services_labor,low,redundant,high
26,481212,Nonscheduled Chartered Freight Air Transportation,V126,TRANSPORTATION/TRAVEL/RELOCATION- TRANSPORTATION: SPACE TRANSPORTATION/LAUNCH,1257814887.79,39,490974.0,NORTHROP GRUMMAN SYSTEMS CORPORATION,0.256,Space launch/transportation services by aerospace prime,Aerospace & Defense,services_labor,high,emergent,high
27,511210,SOFTWARE PUBLISHERS,DA10,IT AND TELECOM - BUSINESS APPLICATION/APPLICATION DEVELOPMENT SOFTWARE AS A SERVICE,1170802836.2,536,110556.01,CARAHSOFT TECHNOLOGY CORP,0.491,Business application SaaS/subscription software via reseller,Information Technology & Software,distribute_resell,low,redundant,high
28,336611,Ship Building and Repairing,1925,SPECIAL SERVICE VESSELS,1126467561.32,3,341610683.0,"TOTE SERVICES, LLC",0.333,New-build special-service vessel construction (tugs/tenders),Aerospace & Defense,manufacture,high,emergent,high
29,541990,"All Other Professional, Scientific, and Technical Services",R425,SUPPORT- PROFESSIONAL: ENGINEERING/TECHNICAL,1045662257.39,173,514331.2,"CACI, INC. - FEDERAL",0.133,Technical-services firms providing systems engineering support,Engineering & Architecture,services_labor,low,psc_carries,medium
30,336411,Aircraft Manufacturing,1510,"AIRCRAFT, FIXED WING",1037845016.12,45,5921775.44,THE BOEING COMPANY,0.378,New fixed-wing aircraft manufacturing by airframe prime,Aerospace & Defense,manufacture,high,redundant,high
31,336414,Guided Missile and Space Vehicle Manufacturing,1420,GUIDED MISSILE COMPONENTS,1036381156.23,7,11633667.34,RAYTHEON COMPANY,0.571,Guided missile component manufacturing by defense prime,Aerospace & Defense,manufacture,high,redundant,high
32,325411,Medicinal and Botanical Manufacturing,6505,DRUGS AND BIOLOGICALS,1026968960.89,12707,1428.48,AMERISOURCEBERGEN DRUG CORP,0.73,Medicinal chemicals/drugs supplied at catalog volume,Healthcare & Life Sciences,distribute_resell,low,redundant,high
33,541519,Other Computer Related Services,DA10,IT AND TELECOM - BUSINESS APPLICATION/APPLICATION DEVELOPMENT SOFTWARE AS A SERVICE,978200563.29,1391,66232.5,"FCN, INC.",0.07,Application-development SaaS resold by IT integrator,Information Technology & Software,distribute_resell,low,psc_carries,high
34,562910,Remediation Services,F999,OTHER ENVIRONMENTAL SERVICES,929287132.68,149,181443.2,NORTH WIND GENERAL CONTRACTORS LLC,0.121,Environmental remediation/cleanup support services,Environmental & Remediation,services_labor,medium,redundant,high
35,325180,Other Basic Inorganic Chemical Manufacturing,6850,MISCELLANEOUS CHEMICAL SPECIALTIES,900241895.87,4,90160.67,OO CONSULTING LLC,0.75,Specialty inorganic chemicals manufacture/supply,Industrial Manufacturing,manufacture,medium,naics_carries,low
36,561210,Facilities Support Services,M181,OPER OF GOVT R&D GOCO FACILITIES,877875301.15,6,90267393.83,UT-BATTELLE LLC,1.0,Contractor operation of government R&D GOCO facilities,Research & Development,services_labor,medium,psc_carries,high
37,541715,"Research and Development in the Physical, Engineering, and Life Sciences (except Nanotechnology and Biotechnology)",AR12,"SPACE R&D SERVICES; SPACE FLIGHT, RESEARCH AND SUPPORTING ACTIVITIES; APPLIED RESEARCH",868327492.6,379,266457.89,CALIFORNIA INSTITUTE OF TECHNOLOGY,0.422,Space flight applied research and development,Research & Development,RnD,low,redundant,high
38,561210,Facilities Support Services,M159,OPER OF GOVT OTHER INDUSTRIAL BLDG,860844457.84,2,430422228.92,SAVANNAH RIVER NUCLEAR SOLUTIONS LLC,1.0,Contractor operation of government industrial buildings (nuclear site),"Facilities, Maintenance & Janitorial",services_labor,medium,psc_carries,high
39,541512,Computer Systems Design Services,DF01,IT AND TELECOM - IT MANAGEMENT SUPPORT SERVICES (LABOR),821670252.18,183,1085366.0,ACCENTURE FEDERAL SERVICES LLC,0.087,IT management support labor (enterprise architecture),Information Technology & Software,services_labor,low,psc_carries,high
40,236220,Commercial and Institutional Building Construction,Y1DB,CONSTRUCTION OF LABORATORIES AND CLINICS,797407012.52,35,354990.0,"WHITING-TURNER CONTRACTING COMPANY, THE",0.4,New-build construction of laboratories and clinics,Construction,construct,high,psc_carries,high
41,541611,Administrative Management and General Management Consulting Services,R408,SUPPORT- PROFESSIONAL: PROGRAM MANAGEMENT/SUPPORT,792905617.79,968,251885.2,"CREATIVE IT SOLUTIONS, LLC",0.07,Program management/support consulting services,Professional & Management Services,services_labor,low,redundant,high
42,336411,Aircraft Manufacturing,R499,SUPPORT- PROFESSIONAL: OTHER,770126111.92,15,40110941.43,THE BOEING COMPANY,1.0,Aircraft OEM providing professional support services (Boeing),Aerospace & Defense,services_labor,low,naics_carries,medium
43,541519,Other Computer Related Services,7A21,IT AND TELECOM - BUSINESS APPLICATION SOFTWARE (PERPETUAL LICENSE SOFTWARE),758818298.23,1840,66797.76,"NEW TECH SOLUTIONS, INC.",0.086,Perpetual-license business application software resold,Information Technology & Software,distribute_resell,low,psc_carries,high
44,336212,Truck Trailer Manufacturing,2320,"TRUCKS AND TRUCK TRACTORS, WHEELED",734548488.22,53,2604509.0,OSHKOSH DEFENSE LLC,0.943,Wheeled tactical trucks/tractors manufactured by defense OEM,Aerospace & Defense,manufacture,high,emergent,high
45,541715,"Research and Development in the Physical, Engineering, and Life Sciences (except Nanotechnology and Biotechnology)",AR11,"SPACE R&D SERVICES; SPACE FLIGHT, RESEARCH AND SUPPORTING ACTIVITIES; BASIC RESEARCH",714623136.38,268,355849.97,THE JOHNS HOPKINS UNIVERSITY APPLIED PHYSICS LABORATORY LLC,0.571,Space flight basic research,Research & Development,RnD,low,redundant,high
46,237990,Other Heavy and Civil Engineering Construction,Y1KA,CONSTRUCTION OF DAMS,712083567.95,30,412172.27,KIEWIT INFRASTRUCTURE SOUTH CO,0.733,New-build dam construction by heavy-civil contractor,Construction,construct,high,redundant,high
47,561612,Security Guards and Patrol Services,R430,SUPPORT- PROFESSIONAL: PHYSICAL SECURITY AND BADGING,707460422.55,179,489231.8,GARDAWORLD FEDERAL SERVICES LLC,0.184,Physical security and badging professional services,Security & Guard Services,services_labor,low,redundant,high
48,541712,"RESEARCH AND DEVELOPMENT IN THE PHYSICAL, ENGINEERING, AND LIFE SCIENCES (EXCEPT BIOTECHNOLOGY)",R425,SUPPORT- PROFESSIONAL: ENGINEERING/TECHNICAL,691798807.76,193,792090.0,"CEPEDA SYSTEMS & SOFTWARE ANALYSIS, INC.",0.207,R&D firms providing systems engineering/technical support,Engineering & Architecture,services_labor,low,naics_carries,medium
49,423450,"Medical, Dental, and Hospital Equipment and Supplies Merchant Wholesalers",6515,"MEDICAL AND SURGICAL INSTRUMENTS, EQUIPMENT, AND SUPPLIES",650993089.23,47652,328.16,"CARDINAL HEALTH 200, LLC",0.638,Medical/surgical instruments/supplies wholesale at catalog volume,Wholesale & Supply,distribute_resell,medium,redundant,high
50,541712,"RESEARCH AND DEVELOPMENT IN THE PHYSICAL, ENGINEERING, AND LIFE SCIENCES (EXCEPT BIOTECHNOLOGY)",1675,SPACE VEHICLE COMPONENTS,649209417.0,23,27000000.0,"AEROJET ROCKETDYNE OF DE, INC",1.0,Space vehicle component development by propulsion prime,Aerospace & Defense,manufacture,high,emergent,high
51,336611,Ship Building and Repairing,1905,COMBAT SHIPS AND LANDING VESSELS,642396033.45,80,959798.5,HUNTINGTON INGALLS INCORPORATED,0.3,New-build combat ship/submarine construction,Aerospace & Defense,manufacture,high,redundant,high
52,541990,"All Other Professional, Scientific, and Technical Services",M181,OPER OF GOVT R&D GOCO FACILITIES,631631509.25,5,64767378.98,"BATTELLE ENERGY ALLIANCE, LLC",1.0,Contractor operation of government R&D GOCO facilities,Research & Development,services_labor,medium,psc_carries,high
53,561210,Facilities Support Services,S216,HOUSEKEEPING- FACILITIES OPERATIONS SUPPORT,611206559.5,1842,19342.53,RAVEN SERVICES CORP,0.135,Facilities operations support services,"Facilities, Maintenance & Janitorial",services_labor,low,redundant,high
54,561599,All Other Travel Arrangement and Reservation Services,V211,TRANSPORTATION/TRAVEL/RELOCATION- TRAVEL/LODGING/RECRUITMENT: AIR PASSENGER,598331427.02,61,233878.32,"CORPORATE LODGING CONSULTANTS, INC.",0.951,Air passenger travel/lodging booking services,Transportation & Logistics,services_labor,low,redundant,high
55,541512,Computer Systems Design Services,DG01,IT AND TELECOM - NETWORK SUPPORT SERVICES (LABOR),573898384.6,97,1490384.62,"AT&T TECHNICAL SERVICES COMPANY, INC",0.175,IT network support engineering labor,Information Technology & Software,services_labor,low,psc_carries,high
56,488190,Other Support Activities for Air Transportation,J015,MAINT/REPAIR/REBUILD OF EQUIPMENT- AIRCRAFT AND AIRFRAME STRUCTURAL COMPONENTS,564401680.86,388,72713.29,NIPPI CORPORATION,0.18,"Aircraft/airframe component maintenance, repair and overhaul",Aerospace & Defense,maintain_repair,medium,redundant,high
57,541715,"Research and Development in the Physical, Engineering, and Life Sciences (except Nanotechnology and Biotechnology)",M1HA,OPERATION OF GOVERNMENT-OWNED CONTRACTOR-OPERATED (GOCO) R&D FACILITIES,543895590.6,7,16453467.85,"FERMI FORWARD DISCOVERY GROUP, LLC",0.429,Contractor operation of government R&D GOCO facilities,Research & Development,services_labor,medium,redundant,high
58,236220,Commercial and Institutional Building Construction,Z2JZ,REPAIR OR ALTERATION OF MISCELLANEOUS BUILDINGS,542794302.31,754,128566.37,NATIVE AMERICAN SERVICES CORP.,0.064,Repair/alteration of miscellaneous buildings,Construction,construct,high,psc_carries,high
59,336111,AUTOMOBILE MANUFACTURING,2310,PASSENGER MOTOR VEHICLES,532727992.0,13664,42598.0,FORD MOTOR CO,0.383,Passenger motor vehicles supplied by automaker,Transportation & Logistics,manufacture,medium,redundant,high
60,334511,"Search, Detection, Navigation, Guidance, Aeronautical, and Nautical System and Instrument Manufacturing",R425,SUPPORT- PROFESSIONAL: ENGINEERING/TECHNICAL,531600083.1,28,4111592.3,"ROCKWELL COLLINS, INC.",0.286,Navigation-systems OEM providing systems engineering support,Aerospace & Defense,services_labor,low,naics_carries,medium
61,237990,Other Heavy and Civil Engineering Construction,Z2ED,REPAIR OR ALTERATION OF SHIP CONSTRUCTION AND REPAIR FACILITIES,529830532.12,6,75832750.0,"NOVA GROUP, INC.",0.5,Repair/alteration of shipyard construction/repair facilities,Construction,construct,high,emergent,high
62,221122,Electric Power Distribution,S112,UTILITIES- ELECTRIC,528914624.67,832,138410.77,"CONSTELLATION NEWENERGY, INC.",0.236,Electric utility power supply services,Energy & Utilities,services_labor,low,redundant,high
63,481212,Nonscheduled Chartered Freight Air Transportation,AR14,"SPACE R&D SERVICES; SPACE FLIGHT, RESEARCH AND SUPPORTING ACTIVITIES; R&D ADMINISTRATIVE EXPENSES",514199741.62,40,9010050.0,FIREFLY AEROSPACE INC.,0.675,Space launch R&D support by launch provider,Aerospace & Defense,RnD,high,emergent,high
64,334220,Radio and Television Broadcasting and Wireless Communications Equipment Manufacturing,7G20,IT AND TELECOM - NETWORK: ANALOG VOICE PRODUCTS (HARDWARE AND PERPETUAL LICENSE SOFTWARE),502511056.62,33,595437.26,"L3 TECHNOLOGIES, INC.",0.273,Analog voice/comms equipment manufactured by defense electronics OEM,Telecommunications,manufacture,high,redundant,high
65,334210,Telephone Apparatus Manufacturing,7G21,IT AND TELECOM - NETWORK: DIGITAL NETWORK PRODUCTS (HARDWARE AND PERPETUAL LICENSE SOFTWARE),498722660.62,8,53704701.39,"ROHDE & SCHWARZ USA, INC.",0.375,Digital network communications hardware manufactured by OEM,Telecommunications,manufacture,high,redundant,high
66,236220,Commercial and Institutional Building Construction,Z2AZ,REPAIR OR ALTERATION OF OTHER ADMINISTRATIVE FACILITIES AND SERVICE BUILDINGS,475779651.46,132,228962.21,ALEUT CONSTRUCTION LLC,0.061,Repair/alteration of administrative/service buildings,Construction,construct,high,psc_carries,high
67,561210,Facilities Support Services,Z1AA,MAINTENANCE OF OFFICE BUILDINGS,472011667.23,3271,15741.02,"JONES LANG LASALLE AMERICAS, INC.",0.142,Maintenance of office buildings,"Facilities, Maintenance & Janitorial",maintain_repair,medium,psc_carries,high
68,541715,"Research and Development in the Physical, Engineering, and Life Sciences (except Nanotechnology and Biotechnology)",AR22,R&D-SPACE SCIENCE & APPL-A RES/EXPL,467066790.49,171,450186.0,CALIFORNIA INSTITUTE OF TECHNOLOGY,1.0,Space science applied research/exploratory development,Research & Development,RnD,low,redundant,high
69,541715,"Research and Development in the Physical, Engineering, and Life Sciences (except Nanotechnology and Biotechnology)",B541,SPECIAL STUDIES/ANALYSIS- DEFENSE,466683658.92,31,14727339.0,PARSONS GOVERNMENT SERVICES INC.,0.871,Defense special studies and analysis,Research & Development,RnD,low,emergent,high
70,481219,Other Nonscheduled Air Transportation,1510,"AIRCRAFT, FIXED WING",463638746.0,4,76000000.0,DAEDALUS AVIATION CORPORATION,1.0,Fixed-wing aircraft procurement via air-transport operator,Aerospace & Defense,manufacture,high,emergent,medium
71,562910,Remediation Services,R499,SUPPORT- PROFESSIONAL: OTHER,460799923.2,70,395421.63,CAPE ENVIRONMENTAL MANAGEMENT INC,0.229,Remediation firms providing other professional services,Environmental & Remediation,services_labor,low,naics_carries,medium
72,237990,Other Heavy and Civil Engineering Construction,Z2KA,REPAIR OR ALTERATION OF DAMS,460756338.33,45,369000.0,GE RENEWABLES US LLC,0.267,Repair/alteration of dams by heavy-civil contractor,Construction,construct,high,redundant,high
73,541330,Engineering Services,R408,SUPPORT- PROFESSIONAL: PROGRAM MANAGEMENT/SUPPORT,457875659.29,337,346000.0,"OASIS SYSTEMS, LLC",0.148,Engineering firms providing program management support,Engineering & Architecture,services_labor,low,naics_carries,medium
74,541710,"RESEARCH AND DEVELOPMENT IN THE PHYSICAL, ENGINEERING, AND LIFE SCIENCES",AZ11,R&D-OTHER R & D-B RES,455662251.2,6,74992026.16,"LAWRENCE LIVERMORE NATIONAL SECURITY, LLC",1.0,Other basic research at national laboratory,Research & Development,RnD,low,redundant,high
75,332993,Ammunition (except Small Arms) Manufacturing,1320,"AMMUNITION, OVER 125MM",454165275.42,4,121178198.43,"GENERAL DYNAMICS ORDNANCE & TACTICAL SYSTEMS, INC.",0.5,Large-caliber ammunition manufacturing by ordnance prime,Aerospace & Defense,manufacture,high,redundant,high
76,488999,All Other Support Activities for Transportation,R706,SUPPORT- MANAGEMENT: LOGISTICS SUPPORT,443755456.23,44,3966317.23,"MANTECH ADVANCED SYSTEMS INTERNATIONAL, INC.",0.75,Logistics support services by transportation contractor,Transportation & Logistics,services_labor,low,psc_carries,medium
77,236220,Commercial and Institutional Building Construction,Z2AA,REPAIR OR ALTERATION OF OFFICE BUILDINGS,434180386.27,993,71978.38,ARTISAN CONSTRUCTION ENTERPRISES INC,0.028,Repair/alteration of office buildings,Construction,construct,high,psc_carries,high
78,541519,Other Computer Related Services,DF01,IT AND TELECOM - IT MANAGEMENT SUPPORT SERVICES (LABOR),431792159.59,218,548986.24,CGI FEDERAL INC.,0.216,IT management support labor (enterprise architecture),Information Technology & Software,services_labor,low,psc_carries,high
79,541110,Offices of Lawyers,R418,SUPPORT- PROFESSIONAL: LEGAL,430700747.41,172,79735.0,"LAW OFFICES OF ROBERT A. SCHUERGER CO., LPA",0.081,Legal/attorney professional services by law firms,Professional & Management Services,services_labor,low,redundant,high
80,541715,"Research and Development in the Physical, Engineering, and Life Sciences (except Nanotechnology and Biotechnology)",AC13,NATIONAL DEFENSE R&D SERVICES; DEPARTMENT OF DEFENSE - MILITARY; EXPERIMENTAL DEVELOPMENT,412241589.86,244,500000.0,BOOZ ALLEN HAMILTON INC,0.254,Defense experimental development R&D,Research & Development,RnD,low,redundant,high
81,561720,Janitorial Services,S201,HOUSEKEEPING- CUSTODIAL JANITORIAL,408685726.7,1592,34387.65,RELIANCE CONTRACTORS INC,0.027,Custodial/janitorial cleaning services,"Facilities, Maintenance & Janitorial",services_labor,low,redundant,high
82,481212,Nonscheduled Chartered Freight Air Transportation,F003,NATURAL RESOURCES/CONSERVATION- FOREST-RANGE FIRE SUPPRESSION/PRESUPPRESSION,406612443.41,340,470359.88,HELICOPTER EXPRESS LLC,0.1,Aerial wildfire suppression by air charter operator,Transportation & Logistics,services_labor,high,emergent,high
83,236220,Commercial and Institutional Building Construction,Z2DA,REPAIR OR ALTERATION OF HOSPITALS AND INFIRMARIES,406374949.49,269,186996.25,ONSITE CONSTRUCTION GROUP LLC,0.063,Repair/alteration of hospitals and infirmaries,Construction,construct,high,psc_carries,high
84,541712,"RESEARCH AND DEVELOPMENT IN THE PHYSICAL, ENGINEERING, AND LIFE SCIENCES (EXCEPT BIOTECHNOLOGY)",M1HA,OPERATION OF GOVERNMENT-OWNED CONTRACTOR-OPERATED (GOCO) R&D FACILITIES,402161538.72,6,8819625.17,BROOKHAVEN SCIENCE ASSOCIATES LLC,1.0,Contractor operation of government R&D GOCO facilities,Research & Development,services_labor,medium,redundant,high
85,562211,Hazardous Waste Treatment and Disposal,M1PD,OPERATION OF WASTE TREATMENT AND STORAGE FACILITIES,401720169.92,10,410898.96,"APTIM FEDERAL SERVICES, LLC",0.7,Operation of hazardous waste treatment/storage facilities,Environmental & Remediation,services_labor,medium,redundant,high
86,334511,"Search, Detection, Navigation, Guidance, Aeronautical, and Nautical System and Instrument Manufacturing",6350,"MISCELLANEOUS ALARM, SIGNAL, AND SECURITY DETECTION SYSTEMS",392451945.8,25,182733.51,ANALOGIC CORP,0.44,Alarm/signal/security detection systems manufacturing,Electronics & Instruments,manufacture,high,naics_carries,medium
87,336611,Ship Building and Repairing,J999,NON-NUCLEAR SHIP REPAIR (WEST),389814644.17,481,34786.02,"GHOSTROCK SYSTEMS DEVELOPMENT, LLC",0.254,Non-nuclear ship repair/overhaul (West coast),Aerospace & Defense,maintain_repair,high,emergent,high
88,541715,"Research and Development in the Physical, Engineering, and Life Sciences (except Nanotechnology and Biotechnology)",AC11,NATIONAL DEFENSE R&D SERVICES; DEPARTMENT OF DEFENSE - MILITARY; BASIC RESEARCH,381258450.19,163,140000.0,BOOZ ALLEN HAMILTON INC,0.245,Defense basic research,Research & Development,RnD,low,redundant,high
89,324110,Petroleum Refineries,9140,FUEL OILS,375305971.84,1821,18108.75,"PINNACLE PETROLEUM, INC.",0.237,Diesel/fuel oils supplied by petroleum distributor,Energy & Utilities,distribute_resell,low,redundant,high
90,624190,Other Individual and Family Services,G099,SOCIAL- OTHER,374195207.36,21,3460660.0,"LIFECARE, INC",0.381,Individual/family social assistance services,Government & Public Administration,services_labor,low,naics_carries,medium
91,611519,Other Technical and Trade Schools,U006,EDUCATION/TRAINING- VOCATIONAL/TECHNICAL,368442026.4,281,439854.34,MANAGEMENT & TRAINING CORPORATION,0.214,Vocational/technical job training programs,Education & Training,services_labor,low,redundant,high
92,234930,INDUSTRIAL NONBUILDING STRUCTURE CONSTRUCTION,Y181,CONSTRUCT/R&D - GOCO FACILITIES,365000000.0,3,120000000.0,"BECHTEL NATIONAL, INC.",1.0,Construction of government R&D GOCO facilities,Construction,construct,high,redundant,high
93,541511,Custom Computer Programming Services,DA10,IT AND TELECOM - BUSINESS APPLICATION/APPLICATION DEVELOPMENT SOFTWARE AS A SERVICE,360285445.66,228,231861.07,"GENERAL DYNAMICS INFORMATION TECHNOLOGY, INC.",0.132,Application-development SaaS via software integrator,Information Technology & Software,distribute_resell,low,psc_carries,medium
94,221310,Water Supply and Irrigation Systems,S114,UTILITIES- WATER,358130726.08,365,276121.69,"AMERICAN WATER OPERATIONS AND MAINTENANCE, LLC",0.252,Water utility supply/treatment services,Energy & Utilities,services_labor,low,redundant,high
95,237990,Other Heavy and Civil Engineering Construction,Y1PZ,CONSTRUCTION OF OTHER NON-BUILDING FACILITIES,356560627.18,66,267029.92,"J. F. BRENNAN COMPANY, INC.",0.076,New-build non-building facility heavy-civil construction,Construction,construct,high,naics_carries,medium
96,236220,Commercial and Institutional Building Construction,Y1AZ,CONSTRUCTION OF OTHER ADMINISTRATIVE FACILITIES AND SERVICE BUILDINGS,350881731.58,207,76763.0,"BALFOUR BEATTY CONSTRUCTION, LLC",0.246,New-build construction of administrative/service buildings,Construction,construct,high,psc_carries,high
97,483111,Deep Sea Freight Transportation,M1PZ,OPERATION OF OTHER NON-BUILDING FACILITIES,350582119.56,488,300000.0,"TOTE SERVICES, LLC",0.254,Sealift/marine logistics operation of vessels/facilities,Transportation & Logistics,services_labor,medium,emergent,medium
98,622110,General Medical and Surgical Hospitals,Q201,MEDICAL- MANAGED HEALTHCARE,340805525.4,1848,44778.82,NAPHCARE LLC,0.287,Hospital-based comprehensive managed healthcare services,Healthcare & Life Sciences,services_labor,low,redundant,high
99,237310,"Highway, Street, and Bridge Construction",Y1LB,"CONSTRUCTION OF HIGHWAYS, ROADS, STREETS, BRIDGES, AND RAILWAYS",339343695.14,282,287742.5,GRP PAVING AND CONSTRUCTION LLC,0.043,Highway/road/bridge construction by heavy-civil contractor,Construction,construct,high,redundant,high
100,336414,Guided Missile and Space Vehicle Manufacturing,AR11,"SPACE R&D SERVICES; SPACE FLIGHT, RESEARCH AND SUPPORTING ACTIVITIES; BASIC RESEARCH",338011746.0,11,15298000.0,THE BOEING COMPANY,0.909,Space vehicle basic research by aerospace prime,Aerospace & Defense,RnD,medium,emergent,high
101,541512,Computer Systems Design Services,DF10,IT AND TELECOM - IT MANAGEMENT AS A SERVICE,337808013.01,167,564692.26,ACCENTURE FEDERAL SERVICES LLC,0.754,IT management delivered as a service (subscription),Information Technology & Software,services_labor,low,psc_carries,high
102,541512,Computer Systems Design Services,D318,"IT AND TELECOM- INTEGRATED HARDWARE/SOFTWARE/SERVICES SOLUTIONS, PREDOMINANTLY SERVICES",333229426.92,25,783102.0,"INNOVATIVE MANAGEMENT CONCEPTS, INC",0.4,"Integrated IT hardware/software/services, services-predominant",Information Technology & Software,services_labor,low,psc_carries,high
103,541519,Other Computer Related Services,R499,SUPPORT- PROFESSIONAL: OTHER,330618467.13,276,352175.3,DELOITTE & TOUCHE LLP,0.127,IT services firms supplying other professional services,Information Technology & Software,services_labor,low,naics_carries,medium
104,562910,Remediation Services,F108,ENVIRONMENTAL SYSTEMS PROTECTION- ENVIRONMENTAL REMEDIATION,329170028.47,492,66856.78,ENVIRONMENTAL RESTORATION LLC,0.146,Hazardous substance environmental remediation/cleanup,Environmental & Remediation,services_labor,medium,redundant,high
105,623990,Other Residential Care Facilities,G004,SOCIAL- SOCIAL REHABILITATION,329145722.28,509,462528.0,DISMAS CHARITIES INC,0.22,Residential social rehabilitation (reentry) facilities,Healthcare & Life Sciences,services_labor,low,emergent,medium
106,339112,Surgical and Medical Instrument Manufacturing,6515,"MEDICAL AND SURGICAL INSTRUMENTS, EQUIPMENT, AND SUPPLIES",327808165.02,2476,15006.61,"SZY HOLDINGS, LLC",0.174,Surgical/medical instruments manufactured by device maker,Healthcare & Life Sciences,manufacture,medium,redundant,high
107,541710,"RESEARCH AND DEVELOPMENT IN THE PHYSICAL, ENGINEERING, AND LIFE SCIENCES",AR45,"R&D- SPACE: OPERATIONS, TRACKING AND DATA ACQUISITION (OPERATIONAL SYSTEMS DEVELOPMENT)",327010663.53,21,12000000.0,"ASSOCIATION OF UNIVERSITIES FOR RESEARCH IN ASTRONOMY, INC.",1.0,Space operations tracking/data-acquisition systems development,Research & Development,RnD,medium,redundant,high
108,541512,Computer Systems Design Services,DD01,"IT AND TELECOM - SERVICE DELIVERY SUPPORT SERVICES: ITSM, OPERATIONS CENTER, PROJECT/PM (LABOR)",326078232.11,93,958461.54,ACCENTURE FEDERAL SERVICES LLC,0.065,IT service delivery support (ITSM/operations) labor,Information Technology & Software,services_labor,low,psc_carries,high
109,481211,Nonscheduled Chartered Passenger Air Transportation,V119,TRANSPORTATION/TRAVEL/RELOCATION- TRANSPORTATION: OTHER,324900000.0,2,162450000.0,SALUS WORLDWIDE SOLUTIONS CORP.,1.0,Air cargo/charter transportation services,Transportation & Logistics,services_labor,high,naics_carries,medium
110,237110,Water and Sewer Line and Related Structures Construction,Y1ND,CONSTRUCTION OF SEWAGE AND WASTE FACILITIES,322464784.28,67,45000.0,CHRIS G HOWARD,0.134,Construction of sewage and waste facilities,Construction,construct,high,redundant,high
111,336414,Guided Missile and Space Vehicle Manufacturing,W018,LEASE OR RENTAL OF EQUIPMENT- SPACE VEHICLES,320288105.88,12,24922048.12,AXIOM SPACE INC,0.583,Lease/rental of space vehicles (commercial space station),Aerospace & Defense,services_labor,high,emergent,medium
112,334412,Bare Printed Circuit Board Manufacturing,1095,MISCELLANEOUS WEAPONS,314985601.76,17,3572545.41,DRS NETWORK & IMAGING SYSTEMS LLC,1.0,Miscellaneous weapons/imaging systems by defense electronics maker,Aerospace & Defense,manufacture,high,emergent,low
113,488190,Other Support Activities for Air Transportation,R425,SUPPORT- PROFESSIONAL: ENGINEERING/TECHNICAL,307999852.15,29,773067.7,NORTHROP GRUMMAN SYSTEMS CORPORATION,0.483,Aviation-support firm providing systems engineering support,Aerospace & Defense,services_labor,low,psc_carries,medium
114,541350,Building Inspection Services,H156,QUALITY CONTROL- CONSTRUCTION AND BUILDING MATERIALS,307946314.23,140,1080860.27,VANGUARD INSPECTION SERVICES,0.571,Construction materials inspection/quality-control testing,Engineering & Architecture,services_labor,low,redundant,high
115,541511,Custom Computer Programming Services,7F20,IT AND TELECOM - IT MANAGEMENT TOOLS/PRODUCTS (HARDWARE AND PERPETUAL LICENSE SOFTWARE),306946055.61,13,954382.0,PALANTIR USG INC,0.692,IT management software/products (Palantir license) procurement,Information Technology & Software,distribute_resell,low,psc_carries,medium
116,541715,"Research and Development in the Physical, Engineering, and Life Sciences (except Nanotechnology and Biotechnology)",1555,SPACE VEHICLES,305318997.0,6,39900000.0,LOCKHEED MARTIN CORP,0.5,Space vehicle development/build by aerospace prime,Aerospace & Defense,manufacture,high,emergent,high
117,336411,Aircraft Manufacturing,J015,MAINT/REPAIR/REBUILD OF EQUIPMENT- AIRCRAFT AND AIRFRAME STRUCTURAL COMPONENTS,301271370.39,27,2977392.88,THE BOEING COMPANY,0.333,Aircraft/airframe component MRO by airframe OEM,Aerospace & Defense,maintain_repair,medium,emergent,high
118,541512,Computer Systems Design Services,D399,OTHER ADP & TELECOMMUNICATIONS SVCS,299411742.39,70,1056649.53,"LEIDOS, INC.",0.6,Other ADP/telecom services (data storage/processing),Information Technology & Software,services_labor,low,psc_carries,medium
119,237990,Other Heavy and Civil Engineering Construction,Z1KF,MAINTENANCE OF DREDGING FACILITIES,299013129.75,22,8553314.0,"GREAT LAKES DREDGE & DOCK CO, LLC",0.227,Maintenance/dredging of waterway facilities,Construction,maintain_repair,high,emergent,high
120,541714,Research and Development in Biotechnology (except Nanobiotechnology),AN13,HEALTH R&D SERVICES; HEALTH CARE SERVICES; EXPERIMENTAL DEVELOPMENT,293815571.15,27,2656345.0,BATTELLE MEMORIAL INSTITUTE,0.185,Biotech healthcare experimental development R&D,Research & Development,RnD,low,redundant,high
121,541715,"Research and Development in the Physical, Engineering, and Life Sciences (except Nanotechnology and Biotechnology)",AJ12,GENERAL SCIENCE AND TECHNOLOGY R&D SERVICES; GENERAL SCIENCE AND TECHNOLOGY; APPLIED RESEARCH,286327250.46,165,508225.05,"BLUEHALO, LLC",0.152,General science/technology applied research,Research & Development,RnD,low,redundant,high
122,336413,Other Aircraft Parts and Auxiliary Equipment Manufacturing,1680,MISCELLANEOUS AIRCRAFT ACCESSORIES AND COMPONENTS,283131623.25,1712,14984.0,MARTIN-BAKER AMERICA INC,0.074,Aircraft accessories/components manufactured by parts OEM,Aerospace & Defense,manufacture,medium,redundant,high
123,339113,Surgical Appliance and Supplies Manufacturing,6515,"MEDICAL AND SURGICAL INSTRUMENTS, EQUIPMENT, AND SUPPLIES",282150019.87,3976,19954.77,PERMOBIL INC,0.063,Surgical appliances/supplies manufactured by device maker,Healthcare & Life Sciences,manufacture,medium,redundant,high
124,517310,TELECOMMUNICATIONS RESELLERS,DG11,IT and Telecom - Network: Satellite Communications and Telecom Access Services,278136218.93,7,15928514.2,HARRIS CORPORATION,1.0,Satellite/telecom access services resold by carrier,Telecommunications,services_labor,low,redundant,high
125,236220,Commercial and Institutional Building Construction,Y1AA,CONSTRUCTION OF OFFICE BUILDINGS,278014493.46,239,171659.0,"CADDELL CONSTRUCTION CO. (DE), LLC",0.046,New-build construction of office buildings,Construction,construct,high,psc_carries,high
126,541512,Computer Systems Design Services,DA10,IT AND TELECOM - BUSINESS APPLICATION/APPLICATION DEVELOPMENT SOFTWARE AS A SERVICE,276861948.89,113,819763.2,"MAXIMUS FEDERAL SERVICES, INC.",0.115,Business application SaaS via systems integrator,Information Technology & Software,services_labor,low,psc_carries,high
127,236220,Commercial and Institutional Building Construction,Y1DA,CONSTRUCTION OF HOSPITALS AND INFIRMARIES,275786265.52,286,76789.5,"WALSH CONSTRUCTION COMPANY II, LLC",0.136,New-build construction of hospitals and infirmaries,Construction,construct,high,psc_carries,high
128,336611,Ship Building and Repairing,J998,NON-NUCLEAR SHIP REPAIR (EAST),275053564.14,385,74891.72,SURFACE TECHNOLOGIES CORPORATION,0.057,Non-nuclear ship repair/overhaul (East coast),Aerospace & Defense,maintain_repair,high,emergent,high
129,331410,Nonferrous Metal (except Aluminum) Smelting and Refining,9660,PRECIOUS METALS PRIMARY FORMS,271670992.42,21,3897614.85,STONEX FINANCIAL LTD,0.952,Precious metals primary forms (bullion/ingot) supplied,Mining & Extraction,distribute_resell,low,redundant,medium
130,541330,Engineering Services,C219,ARCHITECT AND ENGINEERING- GENERAL: OTHER,271122359.73,604,163360.51,JACOBS ENGINEERING GROUP INC.,0.028,General architect-engineering design services,Engineering & Architecture,services_labor,low,redundant,high
131,541330,Engineering Services,B540,SPECIAL STUDIES/ANALYSIS- BUILDING TECHNOLOGY,267427038.78,21,1721476.0,AMERESCO INC,0.286,Building technology studies/energy analysis,Engineering & Architecture,services_labor,low,emergent,high
132,541714,Research and Development in Biotechnology (except Nanobiotechnology),6505,DRUGS AND BIOLOGICALS,265530452.64,7,493470.0,"GLAXOSMITHKLINE, LLC",0.429,Biotech-developed drugs/biologicals supplied (GSK),Healthcare & Life Sciences,manufacture,low,emergent,medium
133,336413,Other Aircraft Parts and Auxiliary Equipment Manufacturing,1560,AIRFRAME STRUCTURAL COMPONENTS,264158101.45,3167,9325.58,"KIT PACK CO., INC.",0.071,Airframe structural components manufactured by parts OEM,Aerospace & Defense,manufacture,medium,redundant,high
134,236220,Commercial and Institutional Building Construction,Z2FC,REPAIR OR ALTERATION OF TROOP HOUSING FACILITIES,262048811.05,35,388912.8,"HARPER CONSTRUCTION COMPANY, INC.",0.171,Repair/alteration of troop housing facilities,Construction,construct,high,psc_carries,high
135,541519,Other Computer Related Services,7E20,"IT and Telecom - End User: Help Desk;Tier 1-2,Workspace,Print,Output,Productivity Tools (HW/Perp SW)",260560433.58,1088,28709.81,"CSP ENTERPRISES, LLC",0.221,End-user/help-desk IT hardware and support,Information Technology & Software,services_labor,low,psc_carries,medium
136,513210,Software Publishers,DA10,IT AND TELECOM - BUSINESS APPLICATION/APPLICATION DEVELOPMENT SOFTWARE AS A SERVICE,259667814.96,321,42891.0,"THE MATHWORKS, INC.",0.078,Business application SaaS by software publisher (MathWorks),Information Technology & Software,distribute_resell,low,redundant,high
137,541512,Computer Systems Design Services,R408,SUPPORT- PROFESSIONAL: PROGRAM MANAGEMENT/SUPPORT,258400864.13,112,638461.01,ATAC,0.08,IT systems-design firms providing program management support,Information Technology & Software,services_labor,low,naics_carries,medium
138,333120,Construction Machinery Manufacturing,3805,EARTH MOVING AND EXCAVATING EQUIPMENT,256635694.93,441,167658.0,"AMERICAN MATERIAL HANDLING, INC.",0.252,Earth-moving/excavating construction machinery supplied,Industrial Manufacturing,distribute_resell,high,redundant,medium
139,541512,Computer Systems Design Services,R425,SUPPORT- PROFESSIONAL: ENGINEERING/TECHNICAL,255757007.92,107,599994.72,DELTA POINT LLC,0.103,IT systems-design firms providing engineering/technical support,Information Technology & Software,services_labor,low,naics_carries,medium
140,541990,"All Other Professional, Scientific, and Technical Services",R702,SUPPORT- MANAGEMENT: DATA COLLECTION,253662606.43,39,302314.0,"SIERRA NEVADA COMPANY, LLC",0.41,Data collection services,Professional & Management Services,services_labor,low,psc_carries,medium
141,562119,Other Waste Collection,S208,HOUSEKEEPING- LANDSCAPING/GROUNDSKEEPING,251829792.41,6,44378439.72,JBW GROUP LLC,0.5,Landscaping/groundskeeping services by waste contractor,"Facilities, Maintenance & Janitorial",services_labor,low,psc_carries,medium
142,336419,Other Guided Missile and Space Vehicle Parts and Auxiliary Equipment Manufacturing,1425,"GUIDED MISSILE SYSTEMS, COMPLETE",244874509.66,5,7166173.12,LOCKHEED MARTIN CORPORATION,0.6,Complete guided missile systems by aerospace prime,Aerospace & Defense,manufacture,high,emergent,high
143,336212,Truck Trailer Manufacturing,2355,"COMBAT, ASSAULT, AND TACTICAL VEHICLES, WHEELED",242687295.07,7,2163706.89,OSHKOSH DEFENSE LLC,0.857,Wheeled combat/tactical vehicles by defense OEM,Aerospace & Defense,manufacture,high,emergent,high
144,336413,Other Aircraft Parts and Auxiliary Equipment Manufacturing,R425,SUPPORT- PROFESSIONAL: ENGINEERING/TECHNICAL,240218829.26,20,2624570.0,TEXTRON AVIATION DEFENSE LLC,0.5,Aircraft-parts OEM providing engineering/technical support,Aerospace & Defense,services_labor,low,naics_carries,medium
145,424210,Drugs and Druggists' Sundries Merchant Wholesalers,6505,DRUGS AND BIOLOGICALS,233694236.89,34876,1138.34,AMERISOURCEBERGEN DRUG CORP,0.853,Pharmaceutical drugs wholesale at catalog volume,Wholesale & Supply,distribute_resell,low,redundant,high
146,524292,Pharmacy Benefit Management and Other Third Party Administration of Insurance and Pension Funds,Q999,MEDICAL- OTHER,227074013.35,9,28077812.18,TRIWEST HEALTHCARE ALLIANCE CORP,0.889,Pharmacy benefit/third-party medical claims administration,Healthcare & Life Sciences,services_labor,low,naics_carries,high
147,541712,"RESEARCH AND DEVELOPMENT IN THE PHYSICAL, ENGINEERING, AND LIFE SCIENCES (EXCEPT BIOTECHNOLOGY)",AC13,NATIONAL DEFENSE R&D SERVICES; DEPARTMENT OF DEFENSE - MILITARY; EXPERIMENTAL DEVELOPMENT,225455604.03,65,1097937.0,"AMENTUM TECHNOLOGY, INC.",0.923,Defense experimental development R&D,Research & Development,RnD,low,redundant,high
148,541511,Custom Computer Programming Services,R499,SUPPORT- PROFESSIONAL: OTHER,225258345.58,272,300000.0,"CHIRALITY CAPITAL CONSULTING, LLC",0.081,Software firms supplying other professional services,Information Technology & Software,services_labor,low,naics_carries,medium
149,541715,"Research and Development in the Physical, Engineering, and Life Sciences (except Nanotechnology and Biotechnology)",AN12,HEALTH R&D SERVICES; HEALTH CARE SERVICES; APPLIED RESEARCH,224634883.81,127,806112.0,LEIDOS BIOMEDICAL RESEARCH INC,0.079,Health/biomedical applied research,Research & Development,RnD,low,redundant,high
150,334511,"Search, Detection, Navigation, Guidance, Aeronautical, and Nautical System and Instrument Manufacturing",Y1BG,CONSTRUCTION OF ELECTRONIC AND COMMUNICATIONS FACILITIES,222730915.64,12,150000.0,GENERAL DYNAMICS ONE SOURCE LLC,0.583,Construction of electronic/communications facilities,Construction,construct,high,psc_carries,medium
151,311421,Fruit and Vegetable Canning,8915,FRUITS AND VEGETABLES,221837931.21,180,208396.89,LAKESIDE FOODS INC,0.15,Canned fruits/vegetables manufactured for food supply,"Food, Agriculture & Beverage",manufacture,medium,redundant,high
152,541519,Other Computer Related Services,R425,SUPPORT- PROFESSIONAL: ENGINEERING/TECHNICAL,220659946.37,221,160669.23,TMC TECHNOLOGIES OF WEST VIRGINIA CORP,0.262,IT services firms providing engineering/technical support,Information Technology & Software,services_labor,low,naics_carries,medium
153,811210,Electronic and Precision Equipment Repair and Maintenance,J063,"MAINT/REPAIR/REBUILD OF EQUIPMENT- ALARM, SIGNAL, AND SECURITY DETECTION SYSTEMS",220214389.04,15,109118.4,"TECHFLOW, INC.",0.2,Alarm/security detection systems maintenance and repair,Electronics & Instruments,maintain_repair,medium,redundant,high
154,541519,Other Computer Related Services,DK10,IT AND TELECOM - STORAGE AS A SERVICE,220016382.17,34,467946.76,"FOUR POINTS TECHNOLOGY, L.L.C.",0.471,Cloud storage delivered as a service via reseller,Information Technology & Software,services_labor,low,psc_carries,medium
155,561210,Facilities Support Services,R499,SUPPORT- PROFESSIONAL: OTHER,216698799.83,82,202125.15,"HANFORD MISSION INTEGRATION SOLUTIONS, LLC",0.085,Facilities support firms supplying other professional services,"Facilities, Maintenance & Janitorial",services_labor,low,naics_carries,medium
156,541715,"Research and Development in the Physical, Engineering, and Life Sciences (except Nanotechnology and Biotechnology)",AR13,"SPACE R&D SERVICES; SPACE FLIGHT, RESEARCH AND SUPPORTING ACTIVITIES; EXPERIMENTAL DEVELOPMENT",215105460.1,21,4350000.0,"AMENTUM TECHNOLOGY, INC.",0.286,Space flight experimental development R&D,Research & Development,RnD,low,redundant,high
157,518210,"Computing Infrastructure Providers, Data Processing, Web Hosting, and Related Services",DA01,IT AND TELECOM - BUSINESS APPLICATION/APPLICATION DEVELOPMENT SUPPORT SERVICES (LABOR),213878128.96,80,420667.33,PERATON TECHNOLOGY SERVICES INC.,0.175,Cloud/hosting firms providing app-development support labor,Information Technology & Software,services_labor,low,psc_carries,medium
158,541512,Computer Systems Design Services,R699,SUPPORT- ADMINISTRATIVE: OTHER,211357576.41,44,1323518.46,PERATON ENTERPRISE SOLUTIONS LLC,0.614,IT systems-design firms providing administrative support,Information Technology & Software,services_labor,low,naics_carries,medium
159,562910,Remediation Services,Z1PD,MAINTENANCE OF WASTE TREATMENT AND STORAGE FACILITIES,210571092.16,9,779598.0,"CENTRAL PLATEAU CLEANUP COMPANY, LLC",1.0,Maintenance of waste treatment/storage facilities (cleanup site),Environmental & Remediation,maintain_repair,medium,emergent,high
160,562211,Hazardous Waste Treatment and Disposal,F999,OTHER ENVIRONMENTAL SERVICES,210042282.62,14,175983.24,"SALADO ISOLATION MINING CONTRACTORS, LLC",0.357,Hazardous waste environmental services/cleanup,Environmental & Remediation,services_labor,medium,redundant,high
161,237130,Power and Communication Line and Related Structures Construction,Y1NZ,CONSTRUCTION OF OTHER UTILITIES,209790227.12,17,202277.4,TDX POWER SERVICES LLC,0.176,Construction of power/utility transmission infrastructure,Construction,construct,high,redundant,high
162,336414,Guided Missile and Space Vehicle Manufacturing,1337,"GUIDED MISSILE AND SPACE VEHICLE EXPLOSIVE PROPULSION UNITS, SOLID FUEL; AND COMPONENTS",207182762.9,32,2123547.5,AEROJET ROCKETDYNE COLEMAN AEROSPACE INC,0.875,Solid-fuel missile/rocket propulsion units manufactured,Aerospace & Defense,manufacture,high,redundant,high
163,334511,"Search, Detection, Navigation, Guidance, Aeronautical, and Nautical System and Instrument Manufacturing",5865,"ELECTRONIC COUNTERMEASURES, COUNTER-COUNTERMEASURES AND QUICK REACTION CAPABILITY EQUIPMENT",205603466.49,48,50470.44,NORTHROP GRUMMAN SYSTEMS CORPORATION,0.375,Electronic countermeasures equipment manufactured by defense OEM,Aerospace & Defense,manufacture,high,redundant,high
164,339999,All Other Miscellaneous Manufacturing,R408,SUPPORT- PROFESSIONAL: PROGRAM MANAGEMENT/SUPPORT,204120832.26,28,2291368.55,ALUTIIQ ESSENTIAL SERVICES LLC,0.893,Manufacturer providing program management support services,Professional & Management Services,services_labor,low,psc_carries,medium
165,541519,Other Computer Related Services,DG01,IT AND TELECOM - NETWORK SUPPORT SERVICES (LABOR),201847678.46,253,90831.3,"GENERAL DYNAMICS INFORMATION TECHNOLOGY, INC.",0.727,IT network support engineering labor,Information Technology & Software,services_labor,low,psc_carries,high
166,541690,Other Scientific and Technical Consulting Services,R499,SUPPORT- PROFESSIONAL: OTHER,201083412.12,838,87856.24,"AXLE INFORMATICS, LLC",0.401,Scientific/technical consulting other professional services,Professional & Management Services,services_labor,low,naics_carries,medium
167,236220,Commercial and Institutional Building Construction,Z1DA,MAINTENANCE OF HOSPITALS AND INFIRMARIES,200876799.68,224,139035.22,SERVIAM CONSTRUCTION LLC,0.049,Maintenance of hospitals and infirmaries,"Facilities, Maintenance & Janitorial",maintain_repair,medium,psc_carries,high
168,541711,RESEARCH AND DEVELOPMENT IN BIOTECHNOLOGY,M181,OPER OF GOVT R&D GOCO FACILITIES,198642260.04,7,9341305.81,"ALLIANCE FOR ENERGY INNOVATION, LLC",1.0,Contractor operation of government biotech R&D facility (NREL),Research & Development,services_labor,medium,redundant,high
169,541512,Computer Systems Design Services,7A21,IT AND TELECOM - BUSINESS APPLICATION SOFTWARE (PERPETUAL LICENSE SOFTWARE),196191006.95,114,98657.89,CDW GOVERNMENT LLC,0.254,Perpetual-license business application software resold,Information Technology & Software,distribute_resell,low,psc_carries,high
170,541330,Engineering Services,K017,"MODIFICATION OF EQUIPMENT- AIRCRAFT LAUNCHING, LANDING, AND GROUND HANDLING EQUIPMENT",193002980.78,51,255000.0,"ADVANCED MANAGEMENT TECHNOLOGY, INC.",0.51,Modification of aircraft ground-support equipment,Aerospace & Defense,maintain_repair,medium,emergent,medium
171,541519,Other Computer Related Services,DF10,IT AND TELECOM - IT MANAGEMENT AS A SERVICE,192293003.45,158,453452.99,"REI SYSTEMS, INC.",0.234,IT management delivered as a service (subscription),Information Technology & Software,services_labor,low,psc_carries,high
172,336413,Other Aircraft Parts and Auxiliary Equipment Manufacturing,5865,"ELECTRONIC COUNTERMEASURES, COUNTER-COUNTERMEASURES AND QUICK REACTION CAPABILITY EQUIPMENT",191455092.72,11,18399911.0,L3HARRIS TECHNOLOGIES INTEGRATED SYSTEMS L.P.,0.727,Electronic countermeasures equipment by aircraft-parts OEM,Aerospace & Defense,manufacture,high,emergent,high
173,518210,"Computing Infrastructure Providers, Data Processing, Web Hosting, and Related Services",R499,SUPPORT- PROFESSIONAL: OTHER,190724821.73,34,661205.5,"EAGLE HARBOR, LLC",0.118,Cloud/hosting firms supplying other professional services,Information Technology & Software,services_labor,low,naics_carries,medium
174,237110,Water and Sewer Line and Related Structures Construction,Y1NE,CONSTRUCTION OF WATER SUPPLY FACILITIES,190397370.55,59,34927.07,CDM CONSTRUCTORS INC,0.119,Construction of water supply facilities,Construction,construct,high,redundant,high
175,334511,"Search, Detection, Navigation, Guidance, Aeronautical, and Nautical System and Instrument Manufacturing",5840,"RADAR EQUIPMENT, EXCEPT AIRBORNE",189291677.56,57,339048.0,RAYTHEON COMPANY,0.263,Ground-based radar equipment manufactured by defense OEM,Aerospace & Defense,manufacture,high,redundant,high
176,531311,Residential Property Managers,Z1FZ,MAINTENANCE OF OTHER RESIDENTIAL BUILDINGS,188954798.52,19,10124600.0,24 ASSET MANAGEMENT CORP,0.526,Property managers maintaining residential buildings,Real Estate,maintain_repair,medium,emergent,medium
177,334516,Analytical Laboratory Instrument Manufacturing,6640,LABORATORY EQUIPMENT AND SUPPLIES,186309491.77,1161,55530.77,GOVERNMENT SCIENTIFIC SOURCE INC,0.062,Laboratory equipment/supplies supplied via distributor,Electronics & Instruments,distribute_resell,medium,naics_carries,medium
178,524114,Direct Health and Medical Insurance Carriers,Q999,MEDICAL- OTHER,186218564.9,58,3200.02,NAPHCARE LLC,0.879,Health insurer providing other medical services,Healthcare & Life Sciences,services_labor,low,naics_carries,medium
179,311991,Perishable Prepared Food Manufacturing,8915,FRUITS AND VEGETABLES,186194388.11,100406,431.28,"FORESTWOOD FARM, INC.",0.214,Fresh-cut produce supplied at very high transaction volume,"Food, Agriculture & Beverage",distribute_resell,low,naics_carries,medium
180,541990,"All Other Professional, Scientific, and Technical Services",R408,SUPPORT- PROFESSIONAL: PROGRAM MANAGEMENT/SUPPORT,185579276.01,144,252271.03,CHEROKEE NATION SYSTEM SOLUTIONS LLC,0.222,Technical-services firms providing program management support,Professional & Management Services,services_labor,low,psc_carries,medium
181,541611,Administrative Management and General Management Consulting Services,R425,SUPPORT- PROFESSIONAL: ENGINEERING/TECHNICAL,185222448.48,137,442501.43,SCIENCE APPLICATIONS INTERNATIONAL CORPORATION,0.234,Management consulting providing engineering/technical support,Professional & Management Services,services_labor,low,naics_carries,medium
182,541519,Other Computer Related Services,7G21,IT AND TELECOM - NETWORK: DIGITAL NETWORK PRODUCTS (HARDWARE AND PERPETUAL LICENSE SOFTWARE),184674507.57,263,111492.2,"FCN, INC.",0.228,Digital network products (hardware/software) resold,Information Technology & Software,distribute_resell,low,psc_carries,high
183,541511,Custom Computer Programming Services,R799,SUPPORT- MANAGEMENT: OTHER,180913047.88,103,691911.16,IGNITEACTION LLC,0.34,Software firms providing other management support services,Information Technology & Software,services_labor,low,naics_carries,medium
184,541930,Translation and Interpretation Services,R608,SUPPORT- ADMINISTRATIVE: TRANSLATION AND INTERPRETING,179984663.6,1586,14832.0,METLANG LLC,0.289,Translation and interpretation services,Professional & Management Services,services_labor,low,redundant,high
185,334517,Irradiation Apparatus Manufacturing,6525,"IMAGING EQUIPMENT AND SUPPLIES: MEDICAL, DENTAL, VETERINARY",179499392.62,283,305336.13,GE PRECISION HEALTHCARE LLC,0.29,Medical X-ray/imaging equipment manufactured (GE),Healthcare & Life Sciences,manufacture,high,redundant,high
186,115310,Support Activities for Forestry,F003,NATURAL RESOURCES/CONSERVATION- FOREST-RANGE FIRE SUPPRESSION/PRESUPPRESSION,178363336.22,1591,41999.93,GPC CONSOLIDATED REPORTING,0.04,Wildfire suppression support for forestry,Environmental & Remediation,services_labor,medium,redundant,high
187,561210,Facilities Support Services,R799,SUPPORT- MANAGEMENT: OTHER,177816300.23,73,15021.5,DAE SUNG LLC,0.493,Facilities support firms providing other management support,"Facilities, Maintenance & Janitorial",services_labor,low,naics_carries,medium
188,541715,"Research and Development in the Physical, Engineering, and Life Sciences (except Nanotechnology and Biotechnology)",AC12,NATIONAL DEFENSE R&D SERVICES; DEPARTMENT OF DEFENSE - MILITARY; APPLIED RESEARCH,176872735.21,261,249965.65,"BLUEHALO, LLC",0.077,Defense applied research,Research & Development,RnD,low,redundant,high
189,337214,Office Furniture (except Wood) Manufacturing,7110,OFFICE FURNITURE,176684798.41,9682,780.72,METRO OFFICE SOLUTIONS INC,0.399,Office furniture manufactured/supplied at catalog volume,Industrial Manufacturing,distribute_resell,low,redundant,high
190,561210,Facilities Support Services,R699,SUPPORT- ADMINISTRATIVE: OTHER,175907359.5,80,240427.2,CGI FEDERAL INC.,0.312,Facilities support firms providing administrative support,"Facilities, Maintenance & Janitorial",services_labor,low,naics_carries,medium
191,336110,Automobile and Light Duty Motor Vehicle Manufacturing,2310,PASSENGER MOTOR VEHICLES,175289726.3,2641,42667.0,LMK INNOVATIVE VEHICLE SOLUTIONS EUROPE GMBH,0.339,Passenger/light-duty motor vehicles manufactured/supplied,Transportation & Logistics,manufacture,medium,redundant,high
192,561210,Facilities Support Services,R706,SUPPORT- MANAGEMENT: LOGISTICS SUPPORT,174630243.55,48,711981.43,TRAX INTERNATIONAL CORPORATION,0.146,Facilities support firms providing logistics support,"Facilities, Maintenance & Janitorial",services_labor,low,psc_carries,medium
193,541519,Other Computer Related Services,7A20,IT AND TELECOM - APPLICATION DEVELOPMENT SOFTWARE (PERPETUAL LICENSE SOFTWARE),174259131.5,456,78652.45,CGI FEDERAL INC.,0.127,Application development software (perpetual license) resold,Information Technology & Software,distribute_resell,low,psc_carries,high
194,541611,Administrative Management and General Management Consulting Services,R699,SUPPORT- ADMINISTRATIVE: OTHER,173979526.85,459,111658.56,"SEVENTH SENSE, LLC",0.275,Management consulting providing administrative support,Professional & Management Services,services_labor,low,naics_carries,medium
195,541614,"Process, Physical Distribution, and Logistics Consulting Services",R706,SUPPORT- MANAGEMENT: LOGISTICS SUPPORT,173630381.1,174,40620.12,"METRICA, INC.",0.172,Logistics consulting providing logistics support services,Professional & Management Services,services_labor,low,redundant,high
196,336412,Aircraft Engine and Engine Parts Manufacturing,1680,MISCELLANEOUS AIRCRAFT ACCESSORIES AND COMPONENTS,173130739.7,101,3873.68,SIKORSKY AIRCRAFT CORPORATION,0.653,Aircraft engine accessories/components manufactured by OEM,Aerospace & Defense,manufacture,medium,emergent,high
197,541714,Research and Development in Biotechnology (except Nanobiotechnology),AN42,HEALTH R&D SERVICES; HEALTH CARE - OTHER; APPLIED RESEARCH,172734822.76,41,500000.0,"LEIDOS, INC.",0.463,Biotech healthcare applied research,Research & Development,RnD,low,redundant,high
198,561422,Telemarketing Bureaus and Other Contact Centers,R499,SUPPORT- PROFESSIONAL: OTHER,172087840.46,6,5884117.91,KECH INC,0.5,Contact-center firm providing other professional services,Professional & Management Services,services_labor,low,naics_carries,low
199,541715,"Research and Development in the Physical, Engineering, and Life Sciences (except Nanotechnology and Biotechnology)",Q999,MEDICAL- OTHER,171244982.7,12,12687359.02,"KBR WYLE SERVICES, LLC",1.0,R&D firm providing other medical services (KBR),Healthcare & Life Sciences,services_labor,low,emergent,medium
200,541519,Other Computer Related Services,DJ01,IT AND TELECOM - SECURITY AND COMPLIANCE SUPPORT SERVICES (LABOR),171188260.82,105,510588.59,"ASTRION GROUP, LLC",0.171,IT security and compliance support labor,Information Technology & Software,services_labor,low,psc_carries,high
201,541512,Computer Systems Design Services,DE01,"IT and Telecom - End User: Help Desk; Tier 1-2, Workspace, Print, Output, Productivity Tools (Labor)",170198471.14,59,881015.0,SCIENCE APPLICATIONS INTERNATIONAL CORPORATION,0.22,End-user/help-desk IT support services labor,Information Technology & Software,services_labor,low,psc_carries,high
202,541519,Other Computer Related Services,R408,SUPPORT- PROFESSIONAL: PROGRAM MANAGEMENT/SUPPORT,168840611.95,144,508277.52,"GARTNER, INC.",0.118,IT services firms providing program management support (Gartner),Information Technology & Software,services_labor,low,naics_carries,medium
203,561210,Facilities Support Services,M1HB,OPERATION OF GOVERNMENT-OWNED GOVERNMENT-OPERATED (GOGO) R&D FACILITIES,166670366.49,114,577500.86,"AMENTUM TECHNOLOGY, INC.",0.632,Contractor operation of government-operated R&D facilities,Research & Development,services_labor,medium,psc_carries,high
204,922190,"Other Justice, Public Order, and Safety Activities",R499,SUPPORT- PROFESSIONAL: OTHER,166545329.71,8,10366644.62,"THE GEO GROUP, INC.",0.5,Detention/public-safety services (GEO Group),Government & Public Administration,services_labor,low,naics_carries,medium
205,623110,Nursing Care Facilities (Skilled Nursing Facilities),Q402,"NURSING HOME, LONG-TERM & ADULT DAY CARE SERVICES",164782763.86,428,194192.05,CORYELL COUNTY MEMORIAL HOSPITAL AUTHORITY,0.03,Skilled nursing home/long-term care services,Healthcare & Life Sciences,services_labor,low,redundant,high
206,236220,Commercial and Institutional Building Construction,Y1FA,CONSTRUCTION OF FAMILY HOUSING FACILITIES,164206398.95,6,260601.0,TUTOR PERINI CORPORATION,0.333,New-build construction of family housing facilities,Construction,construct,high,psc_carries,high
207,311513,Cheese Manufacturing,8910,DAIRY FOODS AND EGGS,164183285.69,80,1054731.0,ASSOCIATED MILK PRODUCERS INC,0.188,Cheese/dairy products manufactured for food supply,"Food, Agriculture & Beverage",manufacture,medium,redundant,high
208,334511,"Search, Detection, Navigation, Guidance, Aeronautical, and Nautical System and Instrument Manufacturing",R408,SUPPORT- PROFESSIONAL: PROGRAM MANAGEMENT/SUPPORT,161679201.03,9,350000.0,LOCKHEED MARTIN CORPORATION,0.889,Navigation-systems OEM providing program management support,Aerospace & Defense,services_labor,low,naics_carries,medium
209,561421,Telephone Answering Services,DA01,IT AND TELECOM - BUSINESS APPLICATION/APPLICATION DEVELOPMENT SUPPORT SERVICES (LABOR),161599443.45,1,161599443.45,"PECKHAM VOCATIONAL INDUSTRIES, INC.",1.0,Answering-service firm providing app-development support labor,Information Technology & Software,services_labor,low,psc_carries,low
210,511210,SOFTWARE PUBLISHERS,DE01,"IT and Telecom - End User: Help Desk; Tier 1-2, Workspace, Print, Output, Productivity Tools (Labor)",159870829.99,20,248395.17,"MINBURN TECHNOLOGY GROUP, LLC",0.55,Software publisher providing end-user/help-desk support,Information Technology & Software,services_labor,low,psc_carries,medium
211,236220,Commercial and Institutional Building Construction,Y1BZ,CONSTRUCTION OF OTHER AIRFIELD STRUCTURES,156699806.93,38,49990.46,"CLARK CONSTRUCTION GROUP - CALIFORNIA, LP",0.421,New-build construction of airfield structures,Construction,construct,high,psc_carries,high
212,336413,Other Aircraft Parts and Auxiliary Equipment Manufacturing,1510,"AIRCRAFT, FIXED WING",155389590.18,28,452710.21,BELL BOEING JOINT PROJECT OFFICE,0.893,Fixed-wing aircraft supplied by parts OEM (Bell Boeing),Aerospace & Defense,manufacture,high,emergent,medium
213,336411,Aircraft Manufacturing,2840,"GAS TURBINES AND JET ENGINES, AIRCRAFT, PRIME MOVING; AND COMPONENTS",152933311.93,47,135500.0,GENERAL ELECTRIC COMPANY,0.681,Aircraft gas turbine/jet engines manufactured (GE),Aerospace & Defense,manufacture,high,emergent,high
214,423450,"Medical, Dental, and Hospital Equipment and Supplies Merchant Wholesalers",6525,"IMAGING EQUIPMENT AND SUPPLIES: MEDICAL, DENTAL, VETERINARY",152270810.55,5137,918.0,ZOLL MEDICAL CORPORATION,0.334,Medical X-ray/imaging equipment wholesale (Zoll),Wholesale & Supply,distribute_resell,medium,redundant,high
215,336611,Ship Building and Repairing,1901,AIRCRAFT CARRIERS,150099946.91,85,50803.0,HUNTINGTON INGALLS INC,1.0,Aircraft carrier construction/work by shipbuilder (HII),Aerospace & Defense,manufacture,high,redundant,high
216,541513,Computer Facilities Management Services,R499,SUPPORT- PROFESSIONAL: OTHER,149370959.42,36,59491.2,ELB SERVICES LLC,0.667,Computer facilities management other professional services,Information Technology & Software,services_labor,low,naics_carries,medium
217,334517,Irradiation Apparatus Manufacturing,6665,HAZARD-DETECTING INSTRUMENTS AND APPARATUS,148989807.57,16,9740251.0,"LEIDOS, INC.",0.562,Hazard-detecting/radiac instruments manufactured (Leidos),Electronics & Instruments,manufacture,high,emergent,medium
218,541715,"Research and Development in the Physical, Engineering, and Life Sciences (except Nanotechnology and Biotechnology)",R408,SUPPORT- PROFESSIONAL: PROGRAM MANAGEMENT/SUPPORT,148976427.52,351,98250.71,CGI FEDERAL INC.,0.436,R&D firms providing program management support,Professional & Management Services,services_labor,low,naics_carries,medium
219,311615,Poultry Processing,8905,"MEAT, POULTRY, AND FISH",147220629.15,70,833040.0,TYSON FOODS INC.,0.2,Processed poultry/meat manufactured for food supply (Tyson),"Food, Agriculture & Beverage",manufacture,medium,redundant,high
220,541191,Title Abstract and Settlement Offices,R411,SUPPORT- PROFESSIONAL: REAL PROPERTY APPRAISALS,147149082.0,21,14875.0,"LAMCO RESOURCES, LLC",0.429,Real property title research/appraisal services,Real Estate,services_labor,low,redundant,high
221,524292,Pharmacy Benefit Management and Other Third Party Administration of Insurance and Pension Funds,R499,SUPPORT- PROFESSIONAL: OTHER,145862915.92,12,1806117.79,"SIGNATURE CHOICE II, LLC",0.417,PBM/insurance-admin firm providing other professional services,Healthcare & Life Sciences,services_labor,low,naics_carries,medium
222,611430,Professional and Management Development Training,AF15,"EDUCATION, TRAINING, EMPLOYMENT, & SOCIAL SVCS R&D SVCS; EDUC SVCS R&D; R&D FACILITIES & MAJ EQUIP",145289905.21,3,43789905.21,SCIENCE APPLICATIONS INTERNATIONAL CORPORATION,1.0,Education/training R&D and facilities support,Education & Training,RnD,low,emergent,medium
223,561110,Office Administrative Services,R699,SUPPORT- ADMINISTRATIVE: OTHER,144530361.03,170,138131.83,"1 - 8A ISO9001 FEDSYNC-BFS, LLC",0.124,Office administrative support services,Professional & Management Services,services_labor,low,redundant,high
224,541511,Custom Computer Programming Services,DF01,IT AND TELECOM - IT MANAGEMENT SUPPORT SERVICES (LABOR),142875814.21,115,556782.95,AGILE5 TECHNOLOGIES INC,0.183,Software firms providing IT management support labor,Information Technology & Software,services_labor,low,psc_carries,high
225,541330,Engineering Services,C211,"ARCHITECT AND ENGINEERING- GENERAL: LANDSCAPING, INTERIOR LAYOUT, AND DESIGNING",140689242.83,373,114646.0,"CROFT AND ASSOCIATES, INC.",0.059,Architect-engineering design (landscaping/interior),Engineering & Architecture,services_labor,low,redundant,high
226,621511,Medical Laboratories,Q301,REFERENCE LABORATORY TESTING,140657612.42,861,20000.0,QUEST DIAGNOSTICS INCORPORATED,0.676,Clinical reference laboratory diagnostic testing (Quest),Healthcare & Life Sciences,services_labor,low,redundant,high
227,336611,Ship Building and Repairing,1910,"TRANSPORT VESSELS, PASSENGER AND TROOP",139518266.2,14,1013577.64,GREGORY POOLE EQUIPMENT CO,0.143,Passenger/troop transport vessel build/supply,Aerospace & Defense,manufacture,high,redundant,medium
228,541330,Engineering Services,L010,TECHNICAL REPRESENTATIVE- WEAPONS,139380084.0,9,3250000.0,LOCKHEED MARTIN CORPORATION,0.556,Weapons technical representative services (Lockheed),Aerospace & Defense,services_labor,low,emergent,medium
229,236220,Commercial and Institutional Building Construction,Y1EB,CONSTRUCTION OF MAINTENANCE BUILDINGS,138788278.16,23,374449.0,SERGENTS MECHANICAL SYSTEMS INC,0.13,New-build construction of maintenance buildings,Construction,construct,high,psc_carries,high
230,311999,All Other Miscellaneous Food Manufacturing,8945,"FOOD, OILS AND FATS",138583105.63,805,28350.0,SHAVER FOODS LLC,0.145,Edible oils/fats and misc foods manufactured/supplied,"Food, Agriculture & Beverage",distribute_resell,low,naics_carries,medium
231,561210,Facilities Support Services,M1FF,OPERATION OF PENAL FACILITIES,138316411.53,16,4020053.99,"THE GEO GROUP, INC.",0.688,Contractor operation of penal/detention facilities (GEO),Government & Public Administration,services_labor,low,psc_carries,high
232,518210,"Computing Infrastructure Providers, Data Processing, Web Hosting, and Related Services",DH01,"IT AND TELECOM - PLATFORM SUPPORT SERVICES: DATABASE, MAINFRAME, MIDDLEWARE (LABOR)",137350713.3,8,706359.46,INTERNATIONAL BUSINESS MACHINES CORPORATION,0.375,Platform/database support services labor (IBM),Information Technology & Software,services_labor,low,psc_carries,high
233,541199,All Other Legal Services,R418,SUPPORT- PROFESSIONAL: LEGAL,136359323.36,298,36875.6,SIMPLIFILE LC,0.101,Paralegal/legal document e-filing services (Simplifile),Professional & Management Services,services_labor,low,redundant,high
234,481211,Nonscheduled Chartered Passenger Air Transportation,V221,TRANSPORTATION/TRAVEL/RELOCATION- TRAVEL/LODGING/RECRUITMENT: PASSENGER AIR CHARTER,135596618.54,409,40500.0,TEMSCO HELICOPTERS INC,0.059,Passenger air charter transportation services,Transportation & Logistics,services_labor,high,redundant,high
235,541330,Engineering Services,AR15,"SPACE R&D SVCS; SPACE FLIGHT, RESEARCH & SUPPORTING ACTIVITIES; R&D FACILITIES & MAJ EQUIP",135043995.0,11,5000000.0,THE BOEING COMPANY,0.727,Space flight R&D facilities/major equipment (Boeing),Aerospace & Defense,RnD,high,emergent,medium
236,236220,Commercial and Institutional Building Construction,Y1DZ,CONSTRUCTION OF OTHER HOSPITAL BUILDINGS,133591411.21,56,191379.0,"DPR-RQ CONSTRUCTION, LLC",0.179,New-build construction of other hospital buildings,Construction,construct,high,psc_carries,high
237,561499,All Other Business Support Services,R604,SUPPORT- ADMINISTRATIVE: MAILING/DISTRIBUTION,132729761.1,174,8485.2,PITNEY BOWES INC.,0.77,Mailing and distribution services (Pitney Bowes),Professional & Management Services,services_labor,low,redundant,high
238,541519,Other Computer Related Services,DE01,"IT and Telecom - End User: Help Desk; Tier 1-2, Workspace, Print, Output, Productivity Tools (Labor)",132131697.56,137,286809.6,QUZARA LLC,0.168,End-user/help-desk IT support services labor,Information Technology & Software,services_labor,low,psc_carries,high
239,311611,Animal (except Poultry) Slaughtering,8905,"MEAT, POULTRY, AND FISH",131712995.31,45,1116284.4,OLGA H BARRIOS,0.067,Slaughtered/processed meat manufactured for food supply,"Food, Agriculture & Beverage",manufacture,medium,redundant,high
240,488111,Air Traffic Control,M1BA,OPERATION OF AIR TRAFFIC CONTROL TOWERS,131590047.3,22,1431438.06,MIDWEST AIR TRAFFIC CONTROL SERVICE INC,0.455,Contract air traffic control tower operation,Transportation & Logistics,services_labor,low,redundant,high
241,541611,Administrative Management and General Management Consulting Services,DA01,IT AND TELECOM - BUSINESS APPLICATION/APPLICATION DEVELOPMENT SUPPORT SERVICES (LABOR),131274391.57,53,1097280.0,DELOITTE CONSULTING LLP,0.396,Management consulting providing app-development support (Deloitte),Information Technology & Software,services_labor,low,psc_carries,medium
242,541512,Computer Systems Design Services,7A20,IT AND TELECOM - APPLICATION DEVELOPMENT SOFTWARE (PERPETUAL LICENSE SOFTWARE),130679269.09,99,124788.86,ACCENTURE FEDERAL SERVICES LLC,0.222,Application development software (perpetual license) resold,Information Technology & Software,distribute_resell,low,psc_carries,high
243,334111,Electronic Computer Manufacturing,7E20,"IT and Telecom - End User: Help Desk;Tier 1-2,Workspace,Print,Output,Productivity Tools (HW/Perp SW)",130297129.62,862,18400.95,"V3GATE, LLC",0.275,End-user computers/hardware supplied by computer OEM,Electronics & Instruments,distribute_resell,low,emergent,medium
244,315210,Cut and Sew Apparel Contractors,8415,"CLOTHING, SPECIAL PURPOSE",129077643.9,259,72150.0,"ATLANTIC DIVING SUPPLY, INC.",0.363,Special-purpose protective clothing manufactured/supplied,Industrial Manufacturing,manufacture,medium,redundant,medium
245,541519,Other Computer Related Services,D399,OTHER ADP & TELECOMMUNICATIONS SVCS,128839947.27,45,781361.0,"GENERAL DYNAMICS INFORMATION TECHNOLOGY, INC.",0.4,Other ADP/telecom services (GDIT),Information Technology & Software,services_labor,low,psc_carries,medium
246,561210,Facilities Support Services,Z1AZ,MAINTENANCE OF OTHER ADMINISTRATIVE FACILITIES AND SERVICE BUILDINGS,126873430.69,268,44505.4,"EMCOR GOVERNMENT SERVICES, INC",0.239,Maintenance of administrative/service buildings,"Facilities, Maintenance & Janitorial",maintain_repair,medium,psc_carries,high
247,541511,Custom Computer Programming Services,R408,SUPPORT- PROFESSIONAL: PROGRAM MANAGEMENT/SUPPORT,126647001.5,108,463501.03,GOLDEN IT LLC,0.102,Software firms providing program management support,Information Technology & Software,services_labor,low,naics_carries,medium
248,541519,Other Computer Related Services,7B22,IT AND TELECOM - COMPUTE: SERVERS (HARDWARE AND PERPETUAL LICENSE SOFTWARE),126209761.41,258,79404.64,"FCN, INC.",0.081,Server compute hardware/software resold,Information Technology & Software,distribute_resell,low,psc_carries,high
249,561210,Facilities Support Services,S201,HOUSEKEEPING- CUSTODIAL JANITORIAL,125265422.37,220,100748.49,HAMHED LLC,0.118,Custodial/janitorial services by facilities contractor,"Facilities, Maintenance & Janitorial",services_labor,low,psc_carries,high
250,541519,Other Computer Related Services,DD01,"IT AND TELECOM - SERVICE DELIVERY SUPPORT SERVICES: ITSM, OPERATIONS CENTER, PROJECT/PM (LABOR)",125146766.23,160,198324.27,DELL FEDERAL SYSTEMS L.P,0.175,IT service delivery support (ITSM) via integrator (Dell),Information Technology & Software,services_labor,low,psc_carries,high
251,541513,Computer Facilities Management Services,DE10,"IT and Telecom - End User as a Service: Help Desk;Tier 1-2,Workspace,Print,Output,Productivity Tools",123800041.13,27,843000.0,SCIENCE APPLICATIONS INTERNATIONAL CORPORATION,0.556,End-user computing delivered as a service,Information Technology & Software,services_labor,low,psc_carries,high
252,541715,"Research and Development in the Physical, Engineering, and Life Sciences (except Nanotechnology and Biotechnology)",AJ13,GENERAL SCIENCE & TECHNOLOGY R&D SVCS; GENERAL SCIENCE & TECHNOLOGY; EXPERIMENTAL DEVELOPMENT,123733520.22,72,690451.53,"MODERN TECHNOLOGY SOLUTIONS, INC.",0.583,General science/technology experimental development R&D,Research & Development,RnD,low,redundant,high
253,811210,Electronic and Precision Equipment Repair and Maintenance,J065,"MAINT/REPAIR/REBUILD OF EQUIPMENT- MEDICAL, DENTAL, AND VETERINARY EQUIPMENT AND SUPPLIES",123186539.31,863,31257.0,PHILIPS NORTH AMERICA LLC,0.041,Medical/dental equipment maintenance and repair (Philips),Healthcare & Life Sciences,maintain_repair,medium,redundant,high
254,541211,Offices of Certified Public Accountants,R703,SUPPORT- MANAGEMENT: ACCOUNTING,121758295.19,33,1650000.0,KPMG LLP,0.545,Accounting/audit services (KPMG),Financial & Insurance,services_labor,low,redundant,high
255,423610,"Electrical Apparatus and Equipment, Wiring Supplies, and Related Equipment Merchant Wholesalers",5680,MISCELLANEOUS CONSTRUCTION MATERIALS,120521184.64,4043,1074.75,"ASRC FEDERAL FACILITIES LOGISTICS, LLC",0.433,Construction materials/electrical supplies wholesale,Wholesale & Supply,distribute_resell,medium,naics_carries,medium
256,722310,Food Service Contractors,S203,HOUSEKEEPING- FOOD,120512771.85,259,55649.55,"FAMILY AND SOCIAL SERVICES ADMINISTRATION, INDIANA",0.166,Contract food/dining services,"Food, Agriculture & Beverage",services_labor,low,redundant,high
257,541810,Advertising Agencies,R701,SUPPORT- MANAGEMENT: ADVERTISING,119852051.46,57,793619.68,CROSBY MARKETING COMMUNICATIONS INC.,0.228,Advertising/marketing campaign services,Media & Publishing,services_labor,low,redundant,high
258,334111,Electronic Computer Manufacturing,7B22,IT AND TELECOM - COMPUTE: SERVERS (HARDWARE AND PERPETUAL LICENSE SOFTWARE),119659825.44,379,50909.0,STERLING COMPUTERS CORPORATION,0.193,Server compute hardware supplied by computer OEM,Electronics & Instruments,distribute_resell,low,emergent,medium
259,511210,SOFTWARE PUBLISHERS,7A20,IT AND TELECOM - APPLICATION DEVELOPMENT SOFTWARE (PERPETUAL LICENSE SOFTWARE),119305365.43,173,86359.46,CARAHSOFT TECHNOLOGY CORP,0.468,Application development software (perpetual license) via reseller,Information Technology & Software,distribute_resell,low,redundant,high
260,423450,"Medical, Dental, and Hospital Equipment and Supplies Merchant Wholesalers",6640,LABORATORY EQUIPMENT AND SUPPLIES,117970520.89,32297,388.26,"HENRY SCHEIN, INC.",0.146,Laboratory equipment/supplies wholesale at catalog volume,Wholesale & Supply,distribute_resell,medium,naics_carries,high
261,517410,Satellite Telecommunications,DD01,"IT AND TELECOM - SERVICE DELIVERY SUPPORT SERVICES: ITSM, OPERATIONS CENTER, PROJECT/PM (LABOR)",117676808.84,35,494505.0,"GLOBAL ENTERPRISE SOLUTIONS, INC.",0.886,Satellite telecom firm providing IT service delivery support,Telecommunications,services_labor,low,naics_carries,medium
262,541990,"All Other Professional, Scientific, and Technical Services",C1BZ,ARCHITECT AND ENGINEERING- CONSTRUCTION: OTHER AIRFIELD STRUCTURES,117462091.58,15,7752944.37,PTSI MANAGED SERVICES INC,1.0,Architect-engineering airfield construction design,Engineering & Architecture,services_labor,low,psc_carries,medium
263,336414,Guided Missile and Space Vehicle Manufacturing,AR62,R&D- SPACE: STATION (APPLIED RESEARCH/EXPLORATORY DEVELOPMENT),117236746.82,3,23230074.7,THE BOEING COMPANY,1.0,Space station applied research/development (Boeing),Aerospace & Defense,RnD,medium,emergent,high
264,517110,WIRED TELECOMMUNICATIONS CARRIERS,D304,IT AND TELECOM- TELECOMMUNICATIONS AND TRANSMISSION,116635950.36,41,508191.75,VERIZON BUSINESS NETWORK SERVICES LLC,0.293,Wired/wireless telecom transmission services (Verizon),Telecommunications,services_labor,low,redundant,high
265,541519,Other Computer Related Services,DE10,"IT and Telecom - End User as a Service: Help Desk;Tier 1-2,Workspace,Print,Output,Productivity Tools",115157656.12,133,89058.0,"FCN, INC.",0.165,End-user computing delivered as a service,Information Technology & Software,services_labor,low,psc_carries,high
266,541513,Computer Facilities Management Services,R408,SUPPORT- PROFESSIONAL: PROGRAM MANAGEMENT/SUPPORT,114759507.84,31,322031.78,"DIGNARI, LLC",0.548,Computer facilities mgmt providing program management support,Information Technology & Software,services_labor,low,naics_carries,medium
267,336999,All Other Transportation Equipment Manufacturing,2350,"COMBAT, ASSAULT, AND TACTICAL VEHICLES, TRACKED",113712343.2,4,22559643.52,BAE SYSTEMS LAND AND ARMAMENTS L.P.,1.0,Tracked combat vehicles manufactured by defense OEM (BAE),Aerospace & Defense,manufacture,high,emergent,high
268,511199,ALL OTHER PUBLISHERS,T099,PHOTO/MAP/PRINT/PUBLICATION- OTHER,113491409.81,2,56745704.91,REED TECHNOLOGY AND INFORMATION SERVICES LLC,1.0,Printing/publication data services (Reed Tech),Media & Publishing,services_labor,low,naics_carries,medium
269,541511,Custom Computer Programming Services,R425,SUPPORT- PROFESSIONAL: ENGINEERING/TECHNICAL,113044478.92,76,441522.8,RIVA SOLUTIONS INC,0.132,Software firms providing engineering/technical support,Information Technology & Software,services_labor,low,naics_carries,medium
270,311999,All Other Miscellaneous Food Manufacturing,8905,"MEAT, POULTRY, AND FISH",111342436.89,4742,10820.47,US FOODS INC,0.461,Meat/poultry/fish foods supplied at high transaction volume,"Food, Agriculture & Beverage",distribute_resell,low,naics_carries,medium
271,541715,"Research and Development in the Physical, Engineering, and Life Sciences (except Nanotechnology and Biotechnology)",AR15,"SPACE R&D SVCS; SPACE FLIGHT, RESEARCH & SUPPORTING ACTIVITIES; R&D FACILITIES & MAJ EQUIP",111160871.06,9,6634317.7,"AMENTUM TECHNOLOGY, INC.",0.333,Space flight R&D facilities/major equipment,Research & Development,RnD,medium,redundant,high
272,541715,"Research and Development in the Physical, Engineering, and Life Sciences (except Nanotechnology and Biotechnology)",R499,SUPPORT- PROFESSIONAL: OTHER,108919766.83,103,368160.0,BOOZ ALLEN HAMILTON INC,0.107,R&D firms supplying other professional services (BAH),Research & Development,services_labor,low,naics_carries,medium
273,237990,Other Heavy and Civil Engineering Construction,Y1QA,CONSTRUCTION OF RESTORATION OF REAL PROPERTY (PUBLIC OR PRIVATE),108832380.46,26,864912.74,"INTERSTATE ROCK PRODUCTS, INC.",0.115,Restoration/reclamation construction of real property,Construction,construct,high,emergent,high
274,561730,Landscaping Services,S208,HOUSEKEEPING- LANDSCAPING/GROUNDSKEEPING,108460155.78,979,31390.0,BYRD ENTERPRISES UNLIMITED INC,0.033,Landscaping/groundskeeping maintenance services,"Facilities, Maintenance & Janitorial",services_labor,low,redundant,high
275,541611,Administrative Management and General Management Consulting Services,R799,SUPPORT- MANAGEMENT: OTHER,108456263.11,202,203526.5,ERNST & YOUNG LLP,0.109,Management consulting providing other management support (EY),Professional & Management Services,services_labor,low,naics_carries,medium
276,541720,Research and Development in the Social Sciences and Humanities,R499,SUPPORT- PROFESSIONAL: OTHER,106998655.37,30,847921.5,MATHEMATICA INC.,0.167,Social science research/policy evaluation (Mathematica),Research & Development,RnD,low,naics_carries,medium
277,561611,Investigation and Personal Background Check Services,R799,SUPPORT- MANAGEMENT: OTHER,105502524.96,26,3912656.72,"ADEPT SERVICES, INC",0.154,Background investigation/screening services,Security & Guard Services,services_labor,low,naics_carries,medium
278,541611,Administrative Management and General Management Consulting Services,R707,SUPPORT- MANAGEMENT: CONTRACT/PROCUREMENT/ACQUISITION SUPPORT,105363810.77,73,397056.6,"NAKUPUNA SOLUTIONS, LLC",0.274,Contract/procurement/acquisition support consulting,Professional & Management Services,services_labor,low,redundant,high
279,488190,Other Support Activities for Air Transportation,J016,MAINT/REPAIR/REBUILD OF EQUIPMENT- AIRCRAFT COMPONENTS AND ACCESSORIES,103870848.91,265,55375.0,"SAFRAN ELECTRONICS & DEFENSE, AVIONICS USA, LLC",0.208,Aircraft components/accessories MRO (Safran),Aerospace & Defense,maintain_repair,medium,redundant,high
